<?xml version="1.0" encoding="UTF-8"?>
<!DOCTYPE fontscolors PUBLIC "-//NetBeans//DTD Editor Fonts and Colors settings 1.2//EN" "https://netbeans.apache.org/dtds/EditorFontsColors-1_2.dtd">
<fontscolors>
    <fontcolor foreColor="ffa8c023" name="org-netbeans-spi-editor-hints-parser_annotation_todo"/>
    <fontcolor name="org-netbeans-modules-gsf-testrunner-runnable-test-annotation"/>
    <fontcolor bgColor="ff2a2815" name="org-netbeans-spi-editor-hints-parser_annotation_warn"/>
    <fontcolor name="PHPError" waveUnderlined="red"/>
    <fontcolor name="PinnedWatch"/>
    <fontcolor name="PHPNotice" waveUnderlined="ffc0c000"/>
    <fontcolor name="PHPWarning" waveUnderlined="ffc0c000"/>
    <fontcolor bgColor="ff2a2815" name="org-netbeans-spi-editor-hints-parser_annotation_hint"/>
    <fontcolor foreColor="ffa8c023" name="org-netbeans-spi-editor-hints-parser_annotation_todo_fixable"/>
</fontscolors>
