<?xml version="1.0" encoding="UTF-8"?>
<project-private xmlns="http://www.netbeans.org/ns/project-private/1">
    <editor-bookmarks xmlns="http://www.netbeans.org/ns/editor-bookmarks/2" lastBookmarkId="0"/>
    <open-files xmlns="http://www.netbeans.org/ns/projectui-open-files/2">
        <group>
            <file>file:/home/alumnot/NetBeansProjects/Tema12/Fabrica_Mondea_Timbre/src/fabrica_mondea_timbre/Dinero.java</file>
            <file>file:/home/alumnot/NetBeansProjects/Tema12/Fabrica_Mondea_Timbre/src/fabrica_mondea_timbre/Billete.java</file>
            <file>file:/home/alumnot/NetBeansProjects/Tema12/Fabrica_Mondea_Timbre/src/fabrica_mondea_timbre/Moneda.java</file>
            <file>file:/home/alumnot/NetBeansProjects/Tema12/Fabrica_Mondea_Timbre/src/fabrica_mondea_timbre/Principal.java</file>
        </group>
    </open-files>
</project-private>
